continent,total_cases
Africa,85998.61109318088
Asia,2269682.1215178035
Europe,1572849.077678687
North America,304951.6821494223
Oceania,423652.463728191
South America,3501703.4525695713
